<?xml version="1.0" encoding="UTF-8"?>
<PeakList modified="2021-04-28T15:35:30">
  <PeakList1D>
    <PeakList1DHeader creator="tfell" date="2021-04-28T15:35:30" expNo="1" name="tf-7-14-c1f2.fid" owner="" procNo="1" source="C:\Users\tfell\phd\data\dna-binder\nmr\ebs-rhs-pmb.thio">
      <PeakPickDetails>F1=8.100850ppm, F2=7.978135ppm, MI=0.27cm, MAXI=1.16cm, PC=1.000
      </PeakPickDetails>
    </PeakList1DHeader>
    <Peak1D F1="8.027789" intensity="0.4411214" type="0"/>
    <Peak1D F1="8.014331" intensity="0.4720292" type="0"/>
  </PeakList1D>
  <PeakList1D>
    <PeakList1DHeader creator="tfell" date="2021-04-28T15:35:30" expNo="1" name="tf-7-14-c1f2.fid" owner="" procNo="1" source="C:\Users\tfell\phd\data\dna-binder\nmr\ebs-rhs-pmb.thio">
      <PeakPickDetails>F1=7.953915ppm, F2=7.903859ppm, MI=0.30cm, MAXI=0.74cm, PC=1.000
      </PeakPickDetails>
    </PeakList1DHeader>
    <Peak1D F1="7.925285" intensity="0.4234623" type="0"/>
    <Peak1D F1="7.912502" intensity="0.4358602" type="0"/>
  </PeakList1D>
  <PeakList1D>
    <PeakList1DHeader creator="tfell" date="2021-04-28T15:35:30" expNo="1" name="tf-7-14-c1f2.fid" owner="" procNo="1" source="C:\Users\tfell\phd\data\dna-binder\nmr\ebs-rhs-pmb.thio">
      <PeakPickDetails>F1=7.866722ppm, F2=7.790832ppm, MI=0.23cm, MAXI=0.95cm, PC=1.000
      </PeakPickDetails>
    </PeakList1DHeader>
    <Peak1D F1="7.83907" intensity="0.7122978" type="0"/>
    <Peak1D F1="7.824334" intensity="0.4783073" type="0"/>
    <Peak1D F1="7.810051" intensity="0.4724245" type="0"/>
  </PeakList1D>
  <PeakList1D>
    <PeakList1DHeader creator="tfell" date="2021-04-28T15:35:30" expNo="1" name="tf-7-14-c1f2.fid" owner="" procNo="1" source="C:\Users\tfell\phd\data\dna-binder\nmr\ebs-rhs-pmb.thio">
      <PeakPickDetails>F1=7.764997ppm, F2=7.700409ppm, MI=0.63cm, MAXI=1.14cm, PC=1.000
      </PeakPickDetails>
    </PeakList1DHeader>
    <Peak1D F1="7.742368" intensity="0.9650826" type="0"/>
    <Peak1D F1="7.734573" intensity="0.8956639" type="0"/>
  </PeakList1D>
  <PeakList1D>
    <PeakList1DHeader creator="tfell" date="2021-04-28T15:35:30" expNo="1" name="tf-7-14-c1f2.fid" owner="" procNo="1" source="C:\Users\tfell\phd\data\dna-binder\nmr\ebs-rhs-pmb.thio">
      <PeakPickDetails>F1=7.603529ppm, F2=7.508263ppm, MI=0.91cm, MAXI=1.50cm, PC=1.000
      </PeakPickDetails>
    </PeakList1DHeader>
    <Peak1D F1="7.541549" intensity="1.385385" type="0"/>
    <Peak1D F1="7.535857" intensity="0.9981781" type="0"/>
  </PeakList1D>
  <PeakList1D>
    <PeakList1DHeader creator="tfell" date="2021-04-28T15:35:30" expNo="1" name="tf-7-14-c1f2.fid" owner="" procNo="1" source="C:\Users\tfell\phd\data\dna-binder\nmr\ebs-rhs-pmb.thio">
      <PeakPickDetails>F1=7.505033ppm, F2=7.453363ppm, MI=0.31cm, MAXI=0.75cm, PC=1.000
      </PeakPickDetails>
    </PeakList1DHeader>
    <Peak1D F1="7.491868" intensity="0.5737926" type="0"/>
    <Peak1D F1="7.488898" intensity="0.5774536" type="0"/>
    <Peak1D F1="7.482719" intensity="0.6590233" type="0"/>
    <Peak1D F1="7.478167" intensity="0.5547321" type="0"/>
  </PeakList1D>
  <PeakList1D>
    <PeakList1DHeader creator="tfell" date="2021-04-28T15:35:30" expNo="1" name="tf-7-14-c1f2.fid" owner="" procNo="1" source="C:\Users\tfell\phd\data\dna-binder\nmr\ebs-rhs-pmb.thio">
      <PeakPickDetails>F1=6.977033ppm, F2=6.875308ppm, MI=0.21cm, MAXI=0.89cm, PC=1.000
      </PeakPickDetails>
    </PeakList1DHeader>
    <Peak1D F1="6.93044" intensity="0.7115209" type="0"/>
    <Peak1D F1="6.916481" intensity="0.8806134" type="0"/>
  </PeakList1D>
  <PeakList1D>
    <PeakList1DHeader creator="tfell" date="2021-04-28T15:35:30" expNo="1" name="tf-7-14-c1f2.fid" owner="" procNo="1" source="C:\Users\tfell\phd\data\dna-binder\nmr\ebs-rhs-pmb.thio">
      <PeakPickDetails>F1=6.841400ppm, F2=6.731602ppm, MI=0.11cm, MAXI=1.12cm, PC=1.000
      </PeakPickDetails>
    </PeakList1DHeader>
    <Peak1D F1="6.821995" intensity="0.9294729" type="0"/>
    <Peak1D F1="6.807903" intensity="0.7424632" type="0"/>
  </PeakList1D>
  <PeakList1D>
    <PeakList1DHeader creator="tfell" date="2021-04-28T15:35:30" expNo="1" name="tf-7-14-c1f2.fid" owner="" procNo="1" source="C:\Users\tfell\phd\data\dna-binder\nmr\ebs-rhs-pmb.thio">
      <PeakPickDetails>F1=5.627023ppm, F2=4.846273ppm, MI=0.52cm, MAXI=1.58cm, PC=1.000
      </PeakPickDetails>
    </PeakList1DHeader>
    <Peak1D F1="5.528252" intensity="1.297069" type="0"/>
  </PeakList1D>
  <PeakList1D>
    <PeakList1DHeader creator="tfell" date="2021-04-28T15:35:30" expNo="1" name="tf-7-14-c1f2.fid" owner="" procNo="1" source="C:\Users\tfell\phd\data\dna-binder\nmr\ebs-rhs-pmb.thio">
      <PeakPickDetails>F1=3.798240ppm, F2=3.545024ppm, MI=2.65cm, MAXI=3.27cm, PC=1.000
      </PeakPickDetails>
    </PeakList1DHeader>
    <Peak1D F1="3.649791" intensity="2.984372" type="0"/>
  </PeakList1D>
</PeakList>
