<?xml version="1.0" encoding="UTF-8"?>
<PeakList modified="2021-02-02T12:13:02">
  <PeakList1D>
    <PeakList1DHeader creator="tfell" date="2021-02-02T12:13:02" expNo="1" name="tf-7-132-insol-dmap-1h.fid" owner="" procNo="1" source="C:\Users\tfell\phd\data\structural-studies\nmr\4no2-ebs-dmap">
      <PeakPickDetails>F1=8.291181ppm, F2=8.240131ppm, MI=0.14cm, MAXI=2.48cm, PC=1.000
      </PeakPickDetails>
    </PeakList1DHeader>
    <Peak1D F1="8.279184" intensity="0.1877928" type="0"/>
    <Peak1D F1="8.272995" intensity="1.807379" type="0"/>
    <Peak1D F1="8.269088" intensity="0.6647457" type="0"/>
    <Peak1D F1="8.258787" intensity="0.6368322" type="0"/>
    <Peak1D F1="8.254629" intensity="2.124745" type="0"/>
    <Peak1D F1="8.24855" intensity="0.2744799" type="0"/>
  </PeakList1D>
  <PeakList1D>
    <PeakList1DHeader creator="tfell" date="2021-02-02T12:13:02" expNo="1" name="tf-7-132-insol-dmap-1h.fid" owner="" procNo="1" source="C:\Users\tfell\phd\data\structural-studies\nmr\4no2-ebs-dmap">
      <PeakPickDetails>F1=8.240131ppm, F2=8.237663ppm, MI=0.90cm, MAXI=3.25cm, PC=1.000
      </PeakPickDetails>
    </PeakList1DHeader>
  </PeakList1D>
  <PeakList1D>
    <PeakList1DHeader creator="tfell" date="2021-02-02T12:13:02" expNo="1" name="tf-7-132-insol-dmap-1h.fid" owner="" procNo="1" source="C:\Users\tfell\phd\data\structural-studies\nmr\4no2-ebs-dmap">
      <PeakPickDetails>F1=8.129107ppm, F2=8.074152ppm, MI=0.06cm, MAXI=1.45cm, PC=1.000
      </PeakPickDetails>
    </PeakList1DHeader>
    <Peak1D F1="8.097316" intensity="0.6080509" type="0"/>
    <Peak1D F1="8.088811" intensity="0.6235291" type="0"/>
  </PeakList1D>
  <PeakList1D>
    <PeakList1DHeader creator="tfell" date="2021-02-02T12:13:02" expNo="1" name="tf-7-132-insol-dmap-1h.fid" owner="" procNo="1" source="C:\Users\tfell\phd\data\structural-studies\nmr\4no2-ebs-dmap">
      <PeakPickDetails>F1=8.069638ppm, F2=8.055182ppm, MI=1.17cm, MAXI=2.94cm, PC=1.000
      </PeakPickDetails>
    </PeakList1DHeader>
  </PeakList1D>
  <PeakList1D>
    <PeakList1DHeader creator="tfell" date="2021-02-02T12:13:02" expNo="1" name="tf-7-132-insol-dmap-1h.fid" owner="" procNo="1" source="C:\Users\tfell\phd\data\structural-studies\nmr\4no2-ebs-dmap">
      <PeakPickDetails>F1=8.055182ppm, F2=8.004971ppm, MI=0.03cm, MAXI=2.36cm, PC=1.000
      </PeakPickDetails>
    </PeakList1DHeader>
    <Peak1D F1="8.043718" intensity="0.2548179" type="0"/>
    <Peak1D F1="8.037536" intensity="2.110363" type="0"/>
    <Peak1D F1="8.033659" intensity="0.7329579" type="0"/>
    <Peak1D F1="8.023314" intensity="0.5886992" type="0"/>
    <Peak1D F1="8.019183" intensity="1.837179" type="0"/>
    <Peak1D F1="8.013092" intensity="0.2280356" type="0"/>
  </PeakList1D>
  <PeakList1D>
    <PeakList1DHeader creator="tfell" date="2021-02-02T12:13:02" expNo="1" name="tf-7-132-insol-dmap-1h.fid" owner="" procNo="1" source="C:\Users\tfell\phd\data\structural-studies\nmr\4no2-ebs-dmap">
      <PeakPickDetails>F1=8.004971ppm, F2=7.996004ppm, MI=1.17cm, MAXI=2.94cm, PC=1.000
      </PeakPickDetails>
    </PeakList1DHeader>
  </PeakList1D>
  <PeakList1D>
    <PeakList1DHeader creator="tfell" date="2021-02-02T12:13:02" expNo="1" name="tf-7-132-insol-dmap-1h.fid" owner="" procNo="1" source="C:\Users\tfell\phd\data\structural-studies\nmr\4no2-ebs-dmap">
      <PeakPickDetails>F1=7.984327ppm, F2=7.902314ppm, MI=0.24cm, MAXI=1.75cm, PC=1.000
      </PeakPickDetails>
    </PeakList1DHeader>
    <Peak1D F1="7.970466" intensity="0.8573631" type="0"/>
    <Peak1D F1="7.954417" intensity="0.9578102" type="0"/>
    <Peak1D F1="7.938345" intensity="0.7495071" type="0"/>
    <Peak1D F1="7.924369" intensity="0.7478653" type="0"/>
    <Peak1D F1="7.922879" intensity="0.7755261" type="0"/>
  </PeakList1D>
  <PeakList1D>
    <PeakList1DHeader creator="tfell" date="2021-02-02T12:13:02" expNo="1" name="tf-7-132-insol-dmap-1h.fid" owner="" procNo="1" source="C:\Users\tfell\phd\data\structural-studies\nmr\4no2-ebs-dmap">
      <PeakPickDetails>F1=7.709463ppm, F2=7.363376ppm, MI=0.18cm, MAXI=1.41cm, PC=1.000
      </PeakPickDetails>
    </PeakList1DHeader>
    <Peak1D F1="7.662011" intensity="0.3573177" type="0"/>
    <Peak1D F1="7.659462" intensity="0.3872655" type="0"/>
    <Peak1D F1="7.645416" intensity="0.7173076" type="0"/>
    <Peak1D F1="7.631462" intensity="0.3899908" type="0"/>
    <Peak1D F1="7.628901" intensity="0.3989859" type="0"/>
    <Peak1D F1="7.469584" intensity="0.5154751" type="0"/>
    <Peak1D F1="7.454949" intensity="0.8781362" type="0"/>
    <Peak1D F1="7.439735" intensity="0.4172885" type="0"/>
  </PeakList1D>
  <PeakList1D>
    <PeakList1DHeader creator="tfell" date="2021-02-02T12:13:02" expNo="1" name="tf-7-132-insol-dmap-1h.fid" owner="" procNo="1" source="C:\Users\tfell\phd\data\structural-studies\nmr\4no2-ebs-dmap">
      <PeakPickDetails>F1=6.681690ppm, F2=6.413677ppm, MI=0.23cm, MAXI=1.73cm, PC=1.000
      </PeakPickDetails>
    </PeakList1DHeader>
    <Peak1D F1="6.573057" intensity="1.128327" type="0"/>
    <Peak1D F1="6.56038" intensity="1.140619" type="0"/>
  </PeakList1D>
  <PeakList1D>
    <PeakList1DHeader creator="tfell" date="2021-02-02T12:13:02" expNo="1" name="tf-7-132-insol-dmap-1h.fid" owner="" procNo="1" source="C:\Users\tfell\phd\data\structural-studies\nmr\4no2-ebs-dmap">
      <PeakPickDetails>F1=3.412160ppm, F2=3.402550ppm, MI=1.89cm, MAXI=3.54cm, PC=1.000
      </PeakPickDetails>
    </PeakList1DHeader>
  </PeakList1D>
  <PeakList1D>
    <PeakList1DHeader creator="tfell" date="2021-02-02T12:13:02" expNo="1" name="tf-7-132-insol-dmap-1h.fid" owner="" procNo="1" source="C:\Users\tfell\phd\data\structural-studies\nmr\4no2-ebs-dmap">
      <PeakPickDetails>F1=3.402550ppm, F2=3.284823ppm, MI=1.89cm, MAXI=2.21cm, PC=1.000
      </PeakPickDetails>
    </PeakList1DHeader>
  </PeakList1D>
  <PeakList1D>
    <PeakList1DHeader creator="tfell" date="2021-02-02T12:13:02" expNo="1" name="tf-7-132-insol-dmap-1h.fid" owner="" procNo="1" source="C:\Users\tfell\phd\data\structural-studies\nmr\4no2-ebs-dmap">
      <PeakPickDetails>F1=3.284823ppm, F2=3.120420ppm, MI=1.89cm, MAXI=3.54cm, PC=1.000
      </PeakPickDetails>
    </PeakList1DHeader>
  </PeakList1D>
  <PeakList1D>
    <PeakList1DHeader creator="tfell" date="2021-02-02T12:13:02" expNo="1" name="tf-7-132-insol-dmap-1h.fid" owner="" procNo="1" source="C:\Users\tfell\phd\data\structural-studies\nmr\4no2-ebs-dmap">
      <PeakPickDetails>F1=3.019359ppm, F2=2.821993ppm, MI=4.06cm, MAXI=22.37cm, PC=1.000
      </PeakPickDetails>
    </PeakList1DHeader>
    <Peak1D F1="2.957207" intensity="15.0" type="0"/>
  </PeakList1D>
</PeakList>
