<?xml version="1.0" encoding="UTF-8"?>
<PeakList modified="2021-01-29T13:26:34">
  <PeakList1D>
    <PeakList1DHeader creator="tfell" date="2021-01-29T13:26:34" expNo="10" name="tf-4ome-ebs-dmap-cpmas-77se-10khz-298k" owner="" procNo="1" source="C:/Users/tfell/phd/data/structural-studies/nmr/4ome-ebs-dmap">
      <PeakPickDetails>F1=913.487366ppm, F2=793.884705ppm, MI=1.60cm, MAXI=4.25cm, PC=0.200
      </PeakPickDetails>
    </PeakList1DHeader>
    <Peak1D F1="867.016418" intensity="2.525431" type="0"/>
    <Peak1D F1="834.68634" intensity="3.39567" type="0"/>
  </PeakList1D>
</PeakList>
