<?xml version="1.0" encoding="UTF-8"?>
<PeakList modified="2021-06-03T12:43:41">
  <PeakList1D>
    <PeakList1DHeader creator="tfellowes" date="2021-06-03T12:43:41" expNo="1" name="tf-cyclohexanone-oxime-1h.fid" owner="" procNo="1" source="D:/phd/data/o-ch-bonding/nmr/cyclohexanone-oxime-dnb">
      <PeakPickDetails>F1=8.860510ppm, F2=8.809309ppm, MI=7.30cm, MAXI=13.01cm, PC=1.000
      </PeakPickDetails>
    </PeakList1DHeader>
    <Peak1D F1="8.837573" intensity="8.853098" type="0"/>
    <Peak1D F1="8.833793" intensity="9.766833" type="0"/>
  </PeakList1D>
  <PeakList1D>
    <PeakList1DHeader creator="tfellowes" date="2021-06-03T12:43:41" expNo="1" name="tf-cyclohexanone-oxime-1h.fid" owner="" procNo="1" source="D:/phd/data/o-ch-bonding/nmr/cyclohexanone-oxime-dnb">
      <PeakPickDetails>F1=8.411415ppm, F2=8.306009ppm, MI=1.67cm, MAXI=9.02cm, PC=1.000
      </PeakPickDetails>
    </PeakList1DHeader>
    <Peak1D F1="8.383334" intensity="5.22566" type="0"/>
    <Peak1D F1="8.379413" intensity="5.597557" type="0"/>
    <Peak1D F1="8.367702" intensity="5.612339" type="0"/>
    <Peak1D F1="8.363865" intensity="5.86159" type="0"/>
  </PeakList1D>
  <PeakList1D>
    <PeakList1DHeader creator="tfellowes" date="2021-06-03T12:43:41" expNo="1" name="tf-cyclohexanone-oxime-1h.fid" owner="" procNo="1" source="D:/phd/data/o-ch-bonding/nmr/cyclohexanone-oxime-dnb">
      <PeakPickDetails>F1=8.023845ppm, F2=7.783032ppm, MI=4.12cm, MAXI=14.99cm, PC=1.000
      </PeakPickDetails>
    </PeakList1DHeader>
    <Peak1D F1="7.948672" intensity="9.943367" type="0"/>
    <Peak1D F1="7.933023" intensity="9.159663" type="0"/>
  </PeakList1D>
  <PeakList1D>
    <PeakList1DHeader creator="tfellowes" date="2021-06-03T12:43:41" expNo="1" name="tf-cyclohexanone-oxime-1h.fid" owner="" procNo="1" source="D:/phd/data/o-ch-bonding/nmr/cyclohexanone-oxime-dnb">
      <PeakPickDetails>F1=2.790216ppm, F2=2.614601ppm, MI=1.78cm, MAXI=19.15cm, PC=1.000
      </PeakPickDetails>
    </PeakList1DHeader>
    <Peak1D F1="2.743979" intensity="9.41485" type="0"/>
    <Peak1D F1="2.733252" intensity="15.0" type="0"/>
    <Peak1D F1="2.722579" intensity="9.581186" type="0"/>
  </PeakList1D>
  <PeakList1D>
    <PeakList1DHeader creator="tfellowes" date="2021-06-03T12:43:41" expNo="1" name="tf-cyclohexanone-oxime-1h.fid" owner="" procNo="1" source="D:/phd/data/o-ch-bonding/nmr/cyclohexanone-oxime-dnb">
      <PeakPickDetails>F1=2.470381ppm, F2=2.311445ppm, MI=2.82cm, MAXI=23.82cm, PC=1.000
      </PeakPickDetails>
    </PeakList1DHeader>
    <Peak1D F1="2.393549" intensity="9.241977" type="0"/>
    <Peak1D F1="2.383033" intensity="14.26067" type="0"/>
    <Peak1D F1="2.372527" intensity="9.837412" type="0"/>
  </PeakList1D>
  <PeakList1D>
    <PeakList1DHeader creator="tfellowes" date="2021-06-03T12:43:41" expNo="1" name="tf-cyclohexanone-oxime-1h.fid" owner="" procNo="1" source="D:/phd/data/o-ch-bonding/nmr/cyclohexanone-oxime-dnb">
      <PeakPickDetails>F1=1.890558ppm, F2=1.577590ppm, MI=1.06cm, MAXI=21.09cm, PC=1.000
      </PeakPickDetails>
    </PeakList1DHeader>
    <Peak1D F1="1.801442" intensity="2.588149" type="0"/>
    <Peak1D F1="1.791103" intensity="6.686109" type="0"/>
    <Peak1D F1="1.781712" intensity="10.0179" type="0"/>
    <Peak1D F1="1.772006" intensity="7.821432" type="0"/>
    <Peak1D F1="1.760365" intensity="4.576519" type="0"/>
    <Peak1D F1="1.748351" intensity="6.391748" type="0"/>
    <Peak1D F1="1.738985" intensity="9.809747" type="0"/>
    <Peak1D F1="1.729065" intensity="8.07484" type="0"/>
    <Peak1D F1="1.718767" intensity="3.326463" type="0"/>
    <Peak1D F1="1.67518" intensity="4.205052" type="0"/>
    <Peak1D F1="1.664282" intensity="9.063951" type="0"/>
    <Peak1D F1="1.656474" intensity="10.3269" type="0"/>
    <Peak1D F1="1.646173" intensity="10.09766" type="0"/>
  </PeakList1D>
</PeakList>
