<?xml version="1.0" encoding="UTF-8"?>
<PeakList modified="2021-04-28T16:03:35">
  <PeakList1D>
    <PeakList1DHeader creator="tfell" date="2021-04-28T16:03:35" expNo="1" name="tf-7-98-c1f2-tfa.fid" owner="" procNo="1" source="C:/Users/tfell/phd/data/dna-binder/nmr/ebs-rhs">
      <PeakPickDetails>F1=8.314160ppm, F2=7.859710ppm, MI=0.22cm, MAXI=1.23cm, PC=1.000
      </PeakPickDetails>
    </PeakList1DHeader>
    <Peak1D F1="8.254290652699648" intensity="0.3480313" type="0"/>
    <Peak1D F1="8.246460652699648" intensity="0.4072125" type="0"/>
    <Peak1D F1="8.239154652699648" intensity="0.4308149" type="0"/>
    <Peak1D F1="8.161063652699648" intensity="0.3728579" type="0"/>
    <Peak1D F1="8.144896652699648" intensity="0.3465675" type="0"/>
    <Peak1D F1="8.125885652699647" intensity="0.3672394" type="0"/>
    <Peak1D F1="7.997585652699648" intensity="0.2692746" type="0"/>
    <Peak1D F1="7.982305652699648" intensity="0.2861785" type="0"/>
  </PeakList1D>
  <PeakList1D>
    <PeakList1DHeader creator="tfell" date="2021-04-28T16:03:35" expNo="1" name="tf-7-98-c1f2-tfa.fid" owner="" procNo="1" source="C:/Users/tfell/phd/data/dna-binder/nmr/ebs-rhs">
      <PeakPickDetails>F1=7.855688ppm, F2=7.775254ppm, MI=0.14cm, MAXI=0.62cm, PC=1.000
      </PeakPickDetails>
    </PeakList1DHeader>
    <Peak1D F1="7.887884652699648" intensity="0.2944177" type="0"/>
    <Peak1D F1="7.870560652699648" intensity="0.3418497" type="0"/>
  </PeakList1D>
  <PeakList1D>
    <PeakList1DHeader creator="tfell" date="2021-04-28T16:03:35" expNo="1" name="tf-7-98-c1f2-tfa.fid" owner="" procNo="1" source="C:/Users/tfell/phd/data/dna-binder/nmr/ebs-rhs">
      <PeakPickDetails>F1=7.744421ppm, F2=7.677393ppm, MI=0.15cm, MAXI=0.98cm, PC=1.000
      </PeakPickDetails>
    </PeakList1DHeader>
    <Peak1D F1="7.773659652699648" intensity="0.2099089" type="0"/>
    <Peak1D F1="7.759008652699648" intensity="0.4844956" type="0"/>
    <Peak1D F1="7.741282652699648" intensity="0.8314703" type="0"/>
  </PeakList1D>
  <PeakList1D>
    <PeakList1DHeader creator="tfell" date="2021-04-28T16:03:35" expNo="1" name="tf-7-98-c1f2-tfa.fid" owner="" procNo="1" source="C:/Users/tfell/phd/data/dna-binder/nmr/ebs-rhs">
      <PeakPickDetails>F1=7.649241ppm, F2=7.434752ppm, MI=0.09cm, MAXI=0.41cm, PC=1.000
      </PeakPickDetails>
    </PeakList1DHeader>
    <Peak1D F1="7.684753652699648" intensity="0.2270777" type="0"/>
    <Peak1D F1="7.6674746526996485" intensity="0.1913184" type="0"/>
    <Peak1D F1="7.572460652699648" intensity="0.187894" type="0"/>
    <Peak1D F1="7.557891652699648" intensity="0.3127088" type="0"/>
    <Peak1D F1="7.543099652699648" intensity="0.149287" type="0"/>
  </PeakList1D>
</PeakList>
