<?xml version="1.0" encoding="UTF-8"?>
<PeakList modified="2021-06-03T12:57:15">
  <PeakList1D>
    <PeakList1DHeader creator="tfellowes" date="2021-06-03T12:57:15" expNo="1" name="tf-7-63-cp-13c.fid" owner="" procNo="1" source="D:/phd/data/o-ch-bonding/nmr/acetone-oxime-dnb">
      <PeakPickDetails>F1=168.999039ppm, F2=154.352020ppm, MI=0.34cm, MAXI=3.28cm, PC=1.000
      </PeakPickDetails>
    </PeakList1DHeader>
    <Peak1D F1="164.3936" intensity="1.07129" type="0"/>
    <Peak1D F1="157.42421" intensity="0.9376217" type="0"/>
  </PeakList1D>
  <PeakList1D>
    <PeakList1DHeader creator="tfellowes" date="2021-06-03T12:57:15" expNo="1" name="tf-7-63-cp-13c.fid" owner="" procNo="1" source="D:/phd/data/o-ch-bonding/nmr/acetone-oxime-dnb">
      <PeakPickDetails>F1=143.974304ppm, F2=134.450455ppm, MI=0.32cm, MAXI=1.64cm, PC=1.000
      </PeakPickDetails>
    </PeakList1DHeader>
    <Peak1D F1="140.465012" intensity="0.6186586" type="0"/>
    <Peak1D F1="135.822052" intensity="0.369723" type="0"/>
  </PeakList1D>
  <PeakList1D>
    <PeakList1DHeader creator="tfellowes" date="2021-06-03T12:57:15" expNo="1" name="tf-7-63-cp-13c.fid" owner="" procNo="1" source="D:/phd/data/o-ch-bonding/nmr/acetone-oxime-dnb">
      <PeakPickDetails>F1=129.984100ppm, F2=109.819817ppm, MI=2.40cm, MAXI=5.82cm, PC=1.000
      </PeakPickDetails>
    </PeakList1DHeader>
    <Peak1D F1="129.314407" intensity="2.999636" type="0"/>
    <Peak1D F1="122.058861" intensity="3.468204" type="0"/>
    <Peak1D F1="117.171928" intensity="3.493053" type="0"/>
  </PeakList1D>
  <PeakList1D>
    <PeakList1DHeader creator="tfellowes" date="2021-06-03T12:57:15" expNo="1" name="tf-7-63-cp-13c.fid" owner="" procNo="1" source="D:/phd/data/o-ch-bonding/nmr/acetone-oxime-dnb">
      <PeakPickDetails>F1=29.451706ppm, F2=1.872652ppm, MI=0.56cm, MAXI=5.25cm, PC=1.000
      </PeakPickDetails>
    </PeakList1DHeader>
    <Peak1D F1="21.525093" intensity="3.398275" type="0"/>
    <Peak1D F1="17.371708" intensity="1.892443" type="0"/>
  </PeakList1D>
</PeakList>
