<?xml version="1.0" encoding="UTF-8"?>
<PeakList modified="2021-01-28T16:38:59">
  <PeakList1D>
    <PeakList1DHeader creator="tfell" date="2021-01-28T16:38:59" expNo="1" name="ab-1-10c-oxide.fid" owner="" procNo="1" source="C:/Users/tfell/phd/data/structural-studies/nmr/4cf3-ebs">
      <PeakPickDetails>F1=8.303566ppm, F2=8.236879ppm, MI=0.04cm, MAXI=0.09cm, PC=1.000
      </PeakPickDetails>
    </PeakList1DHeader>
    <Peak1D F1="8.279743" intensity="0.05050987" type="0"/>
    <Peak1D F1="8.264923" intensity="0.05493517" type="0"/>
  </PeakList1D>
  <PeakList1D>
    <PeakList1DHeader creator="tfell" date="2021-01-28T16:38:59" expNo="1" name="ab-1-10c-oxide.fid" owner="" procNo="1" source="C:/Users/tfell/phd/data/structural-studies/nmr/4cf3-ebs">
      <PeakPickDetails>F1=8.018256ppm, F2=7.949506ppm, MI=0.03cm, MAXI=0.09cm, PC=1.000
      </PeakPickDetails>
    </PeakList1DHeader>
    <Peak1D F1="7.991278" intensity="0.04828087" type="0"/>
    <Peak1D F1="7.977878" intensity="0.05742718" type="0"/>
    <Peak1D F1="7.976393" intensity="0.05658376" type="0"/>
  </PeakList1D>
  <PeakList1D>
    <PeakList1DHeader creator="tfell" date="2021-01-28T16:38:59" expNo="1" name="ab-1-10c-oxide.fid" owner="" procNo="1" source="C:/Users/tfell/phd/data/structural-studies/nmr/4cf3-ebs">
      <PeakPickDetails>F1=7.939881ppm, F2=7.889694ppm, MI=0.02cm, MAXI=0.07cm, PC=1.000
      </PeakPickDetails>
    </PeakList1DHeader>
    <Peak1D F1="7.93153" intensity="0.02526928" type="0"/>
    <Peak1D F1="7.929076" intensity="0.02660644" type="0"/>
    <Peak1D F1="7.916494" intensity="0.04846803" type="0"/>
    <Peak1D F1="7.914107" intensity="0.04758575" type="0"/>
    <Peak1D F1="7.901381" intensity="0.03048347" type="0"/>
    <Peak1D F1="7.898907" intensity="0.02871215" type="0"/>
  </PeakList1D>
  <PeakList1D>
    <PeakList1DHeader creator="tfell" date="2021-01-28T16:38:59" expNo="1" name="ab-1-10c-oxide.fid" owner="" procNo="1" source="C:/Users/tfell/phd/data/structural-studies/nmr/4cf3-ebs">
      <PeakPickDetails>F1=7.889694ppm, F2=7.800320ppm, MI=0.02cm, MAXI=0.13cm, PC=1.000
      </PeakPickDetails>
    </PeakList1DHeader>
    <Peak1D F1="7.874491" intensity="0.0766077" type="0"/>
    <Peak1D F1="7.857501" intensity="0.1075169" type="0"/>
    <Peak1D F1="7.851555" intensity="0.0620494" type="0"/>
    <Peak1D F1="7.836137" intensity="0.05200274" type="0"/>
    <Peak1D F1="7.834406" intensity="0.05271081" type="0"/>
    <Peak1D F1="7.819458" intensity="0.02502786" type="0"/>
  </PeakList1D>
  <PeakList1D>
    <PeakList1DHeader creator="tfell" date="2021-01-28T16:38:59" expNo="1" name="ab-1-10c-oxide.fid" owner="" procNo="1" source="C:/Users/tfell/phd/data/structural-studies/nmr/4cf3-ebs">
      <PeakPickDetails>F1=7.797570ppm, F2=7.710946ppm, MI=0.04cm, MAXI=0.14cm, PC=1.000
      </PeakPickDetails>
    </PeakList1DHeader>
    <Peak1D F1="7.77406" intensity="0.1163804" type="0"/>
    <Peak1D F1="7.757223" intensity="0.09167395" type="0"/>
  </PeakList1D>
</PeakList>
