<?xml version="1.0" encoding="UTF-8"?>
<PeakList modified="2021-06-03T11:52:02">
  <PeakList1D>
    <PeakList1DHeader creator="tfellowes" date="2021-06-03T11:52:02" expNo="1" name="tf-5-90-cp-cdcl3_PROTON_01.fid" owner="" procNo="1" source="D:/phd/data/dna-binder/nmr/iodoamide-benzyl">
      <PeakPickDetails>F1=7.904061ppm, F2=7.595092ppm, MI=0.60cm, MAXI=5.94cm, PC=1.000
      </PeakPickDetails>
    </PeakList1DHeader>
    <Peak1D F1="7.858623" intensity="3.836069" type="0"/>
    <Peak1D F1="7.83883" intensity="3.988787" type="0"/>
  </PeakList1D>
  <PeakList1D>
    <PeakList1DHeader creator="tfellowes" date="2021-06-03T11:52:02" expNo="1" name="tf-5-90-cp-cdcl3_PROTON_01.fid" owner="" procNo="1" source="D:/phd/data/dna-binder/nmr/iodoamide-benzyl">
      <PeakPickDetails>F1=7.489028ppm, F2=6.829588ppm, MI=0.76cm, MAXI=15.26cm, PC=1.000
      </PeakPickDetails>
    </PeakList1DHeader>
    <Peak1D F1="7.409769" intensity="6.055649" type="0"/>
    <Peak1D F1="7.391565" intensity="13.24406" type="0"/>
    <Peak1D F1="7.374618" intensity="6.903621" type="0"/>
    <Peak1D F1="7.355977" intensity="10.11306" type="0"/>
    <Peak1D F1="7.337236" intensity="5.009184" type="0"/>
    <Peak1D F1="7.312598" intensity="3.080462" type="0"/>
    <Peak1D F1="7.295116" intensity="2.976444" type="0"/>
    <Peak1D F1="7.277977" intensity="1.1005" type="0"/>
    <Peak1D F1="7.257892" intensity="2.000896" type="0"/>
    <Peak1D F1="7.102911" intensity="1.930593" type="0"/>
    <Peak1D F1="7.085163" intensity="3.336241" type="0"/>
    <Peak1D F1="7.067265" intensity="1.628958" type="0"/>
  </PeakList1D>
  <PeakList1D>
    <PeakList1DHeader creator="tfellowes" date="2021-06-03T11:52:02" expNo="1" name="tf-5-90-cp-cdcl3_PROTON_01.fid" owner="" procNo="1" source="D:/phd/data/dna-binder/nmr/iodoamide-benzyl">
      <PeakPickDetails>F1=6.124033ppm, F2=6.054861ppm, MI=0.22cm, MAXI=5.18cm, PC=1.000
      </PeakPickDetails>
    </PeakList1DHeader>
    <Peak1D F1="6.085513" intensity="1.532554" type="0"/>
  </PeakList1D>
  <PeakList1D>
    <PeakList1DHeader creator="tfellowes" date="2021-06-03T11:52:02" expNo="1" name="tf-5-90-cp-cdcl3_PROTON_01.fid" owner="" procNo="1" source="D:/phd/data/dna-binder/nmr/iodoamide-benzyl">
      <PeakPickDetails>F1=4.952719ppm, F2=4.334783ppm, MI=2.56cm, MAXI=15.81cm, PC=1.000
      </PeakPickDetails>
    </PeakList1DHeader>
    <Peak1D F1="4.729663" intensity="10.59011" type="0"/>
    <Peak1D F1="4.640573" intensity="9.385703" type="0"/>
    <Peak1D F1="4.626491" intensity="9.254367" type="0"/>
  </PeakList1D>
</PeakList>
