<?xml version="1.0" encoding="UTF-8"?>
<PeakList modified="2021-01-28T16:18:56">
  <PeakList1D>
    <PeakList1DHeader creator="tfell" date="2021-01-28T16:18:56" expNo="1" name="tf-ebs-recryst.fid" owner="" procNo="1" source="C:/Users/tfell/phd/data/structural-studies/nmr/ph-ebs">
      <PeakPickDetails>F1=8.100641ppm, F2=8.001517ppm, MI=0.08cm, MAXI=0.14cm, PC=1.000
      </PeakPickDetails>
    </PeakList1DHeader>
    <Peak1D F1="8.07609" intensity="0.1077875" type="0"/>
    <Peak1D F1="8.06004" intensity="0.1170346" type="0"/>
  </PeakList1D>
  <PeakList1D>
    <PeakList1DHeader creator="tfell" date="2021-01-28T16:18:56" expNo="1" name="tf-ebs-recryst.fid" owner="" procNo="1" source="C:/Users/tfell/phd/data/structural-studies/nmr/ph-ebs">
      <PeakPickDetails>F1=7.944612ppm, F2=7.855584ppm, MI=0.07cm, MAXI=0.13cm, PC=1.000
      </PeakPickDetails>
    </PeakList1DHeader>
    <Peak1D F1="7.909883" intensity="0.09857669" type="0"/>
    <Peak1D F1="7.894967" intensity="0.1061006" type="0"/>
  </PeakList1D>
  <PeakList1D>
    <PeakList1DHeader creator="tfell" date="2021-01-28T16:18:56" expNo="1" name="tf-ebs-recryst.fid" owner="" procNo="1" source="C:/Users/tfell/phd/data/structural-studies/nmr/ph-ebs">
      <PeakPickDetails>F1=7.755542ppm, F2=7.642651ppm, MI=0.04cm, MAXI=0.13cm, PC=1.000
      </PeakPickDetails>
    </PeakList1DHeader>
    <Peak1D F1="7.695601" intensity="0.0572604" type="0"/>
    <Peak1D F1="7.681108" intensity="0.1147498" type="0"/>
    <Peak1D F1="7.666584" intensity="0.06446676" type="0"/>
  </PeakList1D>
  <PeakList1D>
    <PeakList1DHeader creator="tfell" date="2021-01-28T16:18:56" expNo="1" name="tf-ebs-recryst.fid" owner="" procNo="1" source="C:/Users/tfell/phd/data/structural-studies/nmr/ph-ebs">
      <PeakPickDetails>F1=7.626130ppm, F2=7.542609ppm, MI=0.15cm, MAXI=0.25cm, PC=1.000
      </PeakPickDetails>
    </PeakList1DHeader>
    <Peak1D F1="7.624197" intensity="0.1746711" type="0"/>
    <Peak1D F1="7.608823" intensity="0.2104788" type="0"/>
  </PeakList1D>
  <PeakList1D>
    <PeakList1DHeader creator="tfell" date="2021-01-28T16:18:56" expNo="1" name="tf-ebs-recryst.fid" owner="" procNo="1" source="C:/Users/tfell/phd/data/structural-studies/nmr/ph-ebs">
      <PeakPickDetails>F1=7.525170ppm, F2=7.402183ppm, MI=0.04cm, MAXI=0.25cm, PC=1.000
      </PeakPickDetails>
    </PeakList1DHeader>
    <Peak1D F1="7.496361" intensity="0.06634058" type="0"/>
    <Peak1D F1="7.481472" intensity="0.1145358" type="0"/>
    <Peak1D F1="7.465401" intensity="0.1584863" type="0"/>
    <Peak1D F1="7.449719" intensity="0.2047082" type="0"/>
    <Peak1D F1="7.433725" intensity="0.1107389" type="0"/>
  </PeakList1D>
  <PeakList1D>
    <PeakList1DHeader creator="tfell" date="2021-01-28T16:18:56" expNo="1" name="tf-ebs-recryst.fid" owner="" procNo="1" source="C:/Users/tfell/phd/data/structural-studies/nmr/ph-ebs">
      <PeakPickDetails>F1=7.297552ppm, F2=7.195675ppm, MI=0.03cm, MAXI=0.13cm, PC=1.000
      </PeakPickDetails>
    </PeakList1DHeader>
    <Peak1D F1="7.280827" intensity="0.06129063" type="0"/>
    <Peak1D F1="7.265977" intensity="0.1020092" type="0"/>
    <Peak1D F1="7.251233" intensity="0.0445114" type="0"/>
  </PeakList1D>
</PeakList>
