<?xml version="1.0" encoding="UTF-8"?>
<PeakList modified="2021-05-06T12:07:03">
  <PeakList1D>
    <PeakList1DHeader creator="tfell" date="2021-05-06T12:07:03" expNo="1" name="tf-4br-ebs-1h.fid" owner="" procNo="1" source="C:\Users\tfell\phd\data\structural-studies\nmr\4br-ebs">
      <PeakPickDetails>F1=8.115499ppm, F2=7.979428ppm, MI=0.57cm, MAXI=1.87cm, PC=1.000
      </PeakPickDetails>
    </PeakList1DHeader>
    <Peak1D F1="8.085816" intensity="1.325974" type="0"/>
    <Peak1D F1="8.069668" intensity="1.424893" type="0"/>
  </PeakList1D>
  <PeakList1D>
    <PeakList1DHeader creator="tfell" date="2021-05-06T12:07:03" expNo="1" name="tf-4br-ebs-1h.fid" owner="" procNo="1" source="C:\Users\tfell\phd\data\structural-studies\nmr\4br-ebs">
      <PeakPickDetails>F1=7.952550ppm, F2=7.847557ppm, MI=0.62cm, MAXI=1.60cm, PC=1.000
      </PeakPickDetails>
    </PeakList1DHeader>
    <Peak1D F1="7.908155" intensity="1.164791" type="0"/>
    <Peak1D F1="7.892942" intensity="1.242943" type="0"/>
  </PeakList1D>
  <PeakList1D>
    <PeakList1DHeader creator="tfell" date="2021-05-06T12:07:03" expNo="1" name="tf-4br-ebs-1h.fid" owner="" procNo="1" source="C:\Users\tfell\phd\data\structural-studies\nmr\4br-ebs">
      <PeakPickDetails>F1=7.729966ppm, F2=7.688809ppm, MI=0.49cm, MAXI=1.72cm, PC=1.000
      </PeakPickDetails>
    </PeakList1DHeader>
    <Peak1D F1="7.701861" intensity="0.6467601" type="0"/>
  </PeakList1D>
  <PeakList1D>
    <PeakList1DHeader creator="tfell" date="2021-05-06T12:07:03" expNo="1" name="tf-4br-ebs-1h.fid" owner="" procNo="1" source="C:\Users\tfell\phd\data\structural-studies\nmr\4br-ebs">
      <PeakPickDetails>F1=7.688809ppm, F2=7.554418ppm, MI=6.02cm, MAXI=24.70cm, PC=1.000
      </PeakPickDetails>
    </PeakList1DHeader>
    <Peak1D F1="7.63121" intensity="13.32581" type="0"/>
  </PeakList1D>
  <PeakList1D>
    <PeakList1DHeader creator="tfell" date="2021-05-06T12:07:03" expNo="1" name="tf-4br-ebs-1h.fid" owner="" procNo="1" source="C:\Users\tfell\phd\data\structural-studies\nmr\4br-ebs">
      <PeakPickDetails>F1=7.537620ppm, F2=7.446066ppm, MI=0.33cm, MAXI=1.72cm, PC=1.000
      </PeakPickDetails>
    </PeakList1DHeader>
    <Peak1D F1="7.49405" intensity="0.7958902" type="0"/>
    <Peak1D F1="7.478749" intensity="1.366767" type="0"/>
    <Peak1D F1="7.464422" intensity="0.6700557" type="0"/>
  </PeakList1D>
</PeakList>
