<?xml version="1.0" encoding="UTF-8"?>
<PeakList modified="2021-01-28T16:23:48">
  <PeakList1D>
    <PeakList1DHeader creator="tfell" date="2021-01-28T16:23:48" expNo="1" name="tf-7-1-3-wash2.fid" owner="" procNo="1" source="C:/Users/tfell/phd/data/structural-studies/nmr/4cn-ebs">
      <PeakPickDetails>F1=8.272681ppm, F2=8.125829ppm, MI=1.29cm, MAXI=4.69cm, PC=1.000
      </PeakPickDetails>
    </PeakList1DHeader>
    <Peak1D F1="8.203393" intensity="3.207555" type="0"/>
    <Peak1D F1="8.189921" intensity="3.375371" type="0"/>
  </PeakList1D>
  <PeakList1D>
    <PeakList1DHeader creator="tfell" date="2021-01-28T16:23:48" expNo="1" name="tf-7-1-3-wash2.fid" owner="" procNo="1" source="C:/Users/tfell/phd/data/structural-studies/nmr/4cn-ebs">
      <PeakPickDetails>F1=7.989222ppm, F2=7.794557ppm, MI=1.79cm, MAXI=12.14cm, PC=1.000
      </PeakPickDetails>
    </PeakList1DHeader>
    <Peak1D F1="7.922599" intensity="5.154657" type="0"/>
    <Peak1D F1="7.908685" intensity="8.187099" type="0"/>
    <Peak1D F1="7.892266" intensity="3.210725" type="0"/>
    <Peak1D F1="7.879426" intensity="3.415238" type="0"/>
    <Peak1D F1="7.85978" intensity="7.445923" type="0"/>
    <Peak1D F1="7.84582" intensity="5.027541" type="0"/>
  </PeakList1D>
  <PeakList1D>
    <PeakList1DHeader creator="tfell" date="2021-01-28T16:23:48" expNo="1" name="tf-7-1-3-wash2.fid" owner="" procNo="1" source="C:/Users/tfell/phd/data/structural-studies/nmr/4cn-ebs">
      <PeakPickDetails>F1=7.733084ppm, F2=7.591924ppm, MI=0.69cm, MAXI=5.75cm, PC=1.000
      </PeakPickDetails>
    </PeakList1DHeader>
    <Peak1D F1="7.669686" intensity="1.628734" type="0"/>
    <Peak1D F1="7.656627" intensity="3.005166" type="0"/>
    <Peak1D F1="7.64431" intensity="1.70051" type="0"/>
  </PeakList1D>
  <PeakList1D>
    <PeakList1DHeader creator="tfell" date="2021-01-28T16:23:48" expNo="1" name="tf-7-1-3-wash2.fid" owner="" procNo="1" source="C:/Users/tfell/phd/data/structural-studies/nmr/4cn-ebs">
      <PeakPickDetails>F1=7.536143ppm, F2=7.394982ppm, MI=0.87cm, MAXI=5.80cm, PC=1.000
      </PeakPickDetails>
    </PeakList1DHeader>
    <Peak1D F1="7.461011" intensity="1.928747" type="0"/>
    <Peak1D F1="7.448516" intensity="3.384877" type="0"/>
    <Peak1D F1="7.436282" intensity="1.640757" type="0"/>
  </PeakList1D>
</PeakList>
