<?xml version="1.0" encoding="UTF-8"?>
<PeakList modified="2021-04-28T15:30:45">
  <PeakList1D>
    <PeakList1DHeader creator="tfell" date="2021-04-28T15:30:45" expNo="1" name="tf-7-9-et2o-wash-tfa.fid" owner="" procNo="1" source="C:/Users/tfell/phd/data/dna-binder/nmr/rhs-bromo.ph">
      <PeakPickDetails>F1=8.238421ppm, F2=8.053752ppm, MI=4.23cm, MAXI=5.63cm, PC=1.000
      </PeakPickDetails>
    </PeakList1DHeader>
    <Peak1D F1="8.173291" intensity="5.149104" type="0"/>
    <Peak1D F1="8.159494" intensity="5.408404" type="0"/>
  </PeakList1D>
  <PeakList1D>
    <PeakList1DHeader creator="tfell" date="2021-04-28T15:30:45" expNo="1" name="tf-7-9-et2o-wash-tfa.fid" owner="" procNo="1" source="C:/Users/tfell/phd/data/dna-binder/nmr/rhs-bromo.ph">
      <PeakPickDetails>F1=7.910319ppm, F2=7.679034ppm, MI=3.12cm, MAXI=4.51cm, PC=1.000
      </PeakPickDetails>
    </PeakList1DHeader>
    <Peak1D F1="7.830235" intensity="4.497948" type="0"/>
  </PeakList1D>
  <PeakList1D>
    <PeakList1DHeader creator="tfell" date="2021-04-28T15:30:45" expNo="1" name="tf-7-9-et2o-wash-tfa.fid" owner="" procNo="1" source="C:/Users/tfell/phd/data/dna-binder/nmr/rhs-bromo.ph">
      <PeakPickDetails>F1=7.648554ppm, F2=7.555323ppm, MI=1.31cm, MAXI=16.00cm, PC=1.000
      </PeakPickDetails>
    </PeakList1DHeader>
    <Peak1D F1="7.607424" intensity="5.510313" type="0"/>
    <Peak1D F1="7.591049" intensity="7.992041" type="0"/>
    <Peak1D F1="7.578355" intensity="5.362673" type="0"/>
    <Peak1D F1="7.57192" intensity="3.873312" type="0"/>
    <Peak1D F1="7.557933" intensity="2.330822" type="0"/>
  </PeakList1D>
  <PeakList1D>
    <PeakList1DHeader creator="tfell" date="2021-04-28T15:30:45" expNo="1" name="tf-7-9-et2o-wash-tfa.fid" owner="" procNo="1" source="C:/Users/tfell/phd/data/dna-binder/nmr/rhs-bromo.ph">
      <PeakPickDetails>F1=7.555323ppm, F2=7.514086ppm, MI=0.62cm, MAXI=1.08cm, PC=1.000
      </PeakPickDetails>
    </PeakList1DHeader>
    <Peak1D F1="7.543456" intensity="0.7537932" type="0"/>
  </PeakList1D>
  <PeakList1D>
    <PeakList1DHeader creator="tfell" date="2021-04-28T15:30:45" expNo="1" name="tf-7-9-et2o-wash-tfa.fid" owner="" procNo="1" source="C:/Users/tfell/phd/data/dna-binder/nmr/rhs-bromo.ph">
      <PeakPickDetails>F1=7.514086ppm, F2=7.494364ppm, MI=1.31cm, MAXI=16.00cm, PC=1.000
      </PeakPickDetails>
    </PeakList1DHeader>
  </PeakList1D>
  <PeakList1D>
    <PeakList1DHeader creator="tfell" date="2021-04-28T15:30:45" expNo="1" name="tf-7-9-et2o-wash-tfa.fid" owner="" procNo="1" source="C:/Users/tfell/phd/data/dna-binder/nmr/rhs-bromo.ph">
      <PeakPickDetails>F1=7.422647ppm, F2=7.347345ppm, MI=1.53cm, MAXI=3.42cm, PC=1.000
      </PeakPickDetails>
    </PeakList1DHeader>
    <Peak1D F1="7.41661" intensity="2.684936" type="0"/>
    <Peak1D F1="7.413609" intensity="2.942467" type="0"/>
    <Peak1D F1="7.399586" intensity="2.269001" type="0"/>
    <Peak1D F1="7.39653" intensity="2.449793" type="0"/>
  </PeakList1D>
</PeakList>
