<?xml version="1.0" encoding="UTF-8"?>
<PeakList modified="2021-01-28T16:31:20">
  <PeakList1D>
    <PeakList1DHeader creator="tfell" date="2021-01-28T16:31:20" expNo="1" name="tf-7-1-3-wash2-13c.fid" owner="" procNo="1" source="C:/Users/tfell/phd/data/structural-studies/nmr/4cn-ebs">
      <PeakPickDetails>F1=174.223404ppm, F2=159.292633ppm, MI=0.26cm, MAXI=2.83cm, PC=1.000
      </PeakPickDetails>
    </PeakList1DHeader>
    <Peak1D F1="166.033752" intensity="0.6522841" type="0"/>
  </PeakList1D>
  <PeakList1D>
    <PeakList1DHeader creator="tfell" date="2021-01-28T16:31:20" expNo="1" name="tf-7-1-3-wash2-13c.fid" owner="" procNo="1" source="C:/Users/tfell/phd/data/structural-studies/nmr/4cn-ebs">
      <PeakPickDetails>F1=148.752975ppm, F2=148.747787ppm, MI=1.33cm, MAXI=8.39cm, PC=1.000
      </PeakPickDetails>
    </PeakList1DHeader>
  </PeakList1D>
  <PeakList1D>
    <PeakList1DHeader creator="tfell" date="2021-01-28T16:31:20" expNo="1" name="tf-7-1-3-wash2-13c.fid" owner="" procNo="1" source="C:/Users/tfell/phd/data/structural-studies/nmr/4cn-ebs">
      <PeakPickDetails>F1=148.747787ppm, F2=137.456390ppm, MI=0.26cm, MAXI=1.50cm, PC=1.000
      </PeakPickDetails>
    </PeakList1DHeader>
    <Peak1D F1="145.179352" intensity="0.7230128" type="0"/>
    <Peak1D F1="139.395966" intensity="0.7378785" type="0"/>
  </PeakList1D>
  <PeakList1D>
    <PeakList1DHeader creator="tfell" date="2021-01-28T16:31:20" expNo="1" name="tf-7-1-3-wash2-13c.fid" owner="" procNo="1" source="C:/Users/tfell/phd/data/structural-studies/nmr/4cn-ebs">
      <PeakPickDetails>F1=137.456390ppm, F2=101.155952ppm, MI=0.20cm, MAXI=4.88cm, PC=1.000
      </PeakPickDetails>
    </PeakList1DHeader>
    <Peak1D F1="133.881821" intensity="0.4565312" type="0"/>
    <Peak1D F1="133.806381" intensity="3.541208" type="0"/>
    <Peak1D F1="133.034134" intensity="1.20259" type="0"/>
    <Peak1D F1="129.370346" intensity="0.7810875" type="0"/>
    <Peak1D F1="128.471191" intensity="1.437655" type="0"/>
    <Peak1D F1="126.780228" intensity="1.394052" type="0"/>
    <Peak1D F1="126.741402" intensity="1.446637" type="0"/>
    <Peak1D F1="124.276405" intensity="3.218661" type="0"/>
    <Peak1D F1="119.202599" intensity="0.7493927" type="0"/>
    <Peak1D F1="114.076401" intensity="0.3797778" type="0"/>
    <Peak1D F1="107.177994" intensity="0.8133135" type="0"/>
  </PeakList1D>
</PeakList>
