<?xml version="1.0" encoding="UTF-8"?>
<PeakList modified="2021-02-02T12:14:30">
  <PeakList1D>
    <PeakList1DHeader creator="tfell" date="2021-02-02T12:14:30" expNo="1" name="tf-7-132-insol-dmap-13c.fid" owner="" procNo="1" source="C:\Users\tfell\phd\data\structural-studies\nmr\4no2-ebs-dmap">
      <PeakPickDetails>F1=182.807434ppm, F2=101.216995ppm, MI=0.18cm, MAXI=2.43cm, PC=1.000
      </PeakPickDetails>
    </PeakList1DHeader>
    <Peak1D F1="166.226089" intensity="0.3572938" type="0"/>
    <Peak1D F1="154.494431" intensity="0.3159218" type="0"/>
    <Peak1D F1="149.281296" intensity="0.8056244" type="0"/>
    <Peak1D F1="147.126465" intensity="0.388829" type="0"/>
    <Peak1D F1="143.667969" intensity="0.3643828" type="0"/>
    <Peak1D F1="139.077698" intensity="0.4125531" type="0"/>
    <Peak1D F1="133.18457" intensity="0.3642693" type="0"/>
    <Peak1D F1="129.322906" intensity="0.4274797" type="0"/>
    <Peak1D F1="128.664276" intensity="0.5504496" type="0"/>
    <Peak1D F1="126.780113" intensity="0.3263756" type="0"/>
    <Peak1D F1="126.256996" intensity="0.5184541" type="0"/>
    <Peak1D F1="125.165344" intensity="0.8561074" type="0"/>
    <Peak1D F1="123.717377" intensity="1.14205" type="0"/>
    <Peak1D F1="107.197578" intensity="0.3570014" type="0"/>
  </PeakList1D>
  <PeakList1D>
    <PeakList1DHeader creator="tfell" date="2021-02-02T12:14:30" expNo="1" name="tf-7-132-insol-dmap-13c.fid" owner="" procNo="1" source="C:\Users\tfell\phd\data\structural-studies\nmr\4no2-ebs-dmap">
      <PeakPickDetails>F1=39.258755ppm, F2=38.552753ppm, MI=0.40cm, MAXI=0.60cm, PC=1.000
      </PeakPickDetails>
    </PeakList1DHeader>
    <Peak1D F1="39.101036" intensity="0.46997" type="0"/>
  </PeakList1D>
</PeakList>
