<?xml version="1.0" encoding="UTF-8"?>
<PeakList>
  <PeakList1D>
    <PeakList1DHeader creator="tfell" date="2021-04-28T14:28:19.349+10:00" expNo="1" name="tf-7-12-cp_CARBON_01.fid" owner="" procNo="1" source="C:/Users/tfell/phd/data/dna-binder/nmr/ebs-phenyl.thio">
      <PeakPickDetails>F1=135.190979ppm, F2=120.865387ppm, MI=0.57cm, MAXI=5.33cm, PC=1.000
      </PeakPickDetails>
    </PeakList1DHeader>
    <Peak1D F1="133.040588" intensity="1.427505e+00" type="0"/>
    <Peak1D F1="129.903366" intensity="2.146948e+00" type="0"/>
    <Peak1D F1="127.429878" intensity="1.496863e+00" type="0"/>
    <Peak1D F1="126.609840" intensity="1.313485e+00" type="0"/>
    <Peak1D F1="126.464470" intensity="1.556732e+00" type="0"/>
    <Peak1D F1="124.902313" intensity="2.907433e+00" type="0"/>
    <Peak1D F1="122.409729" intensity="1.533555e+00" type="0"/>
  </PeakList1D>
</PeakList>
