<?xml version="1.0" encoding="UTF-8"?>
<PeakList modified="2021-06-03T11:47:00">
  <PeakList1D>
    <PeakList1DHeader creator="tfellowes" date="2021-06-03T11:47:00" expNo="1" name="tf-5-22-cp_PROTON_01.fid" owner="" procNo="1" source="D:/phd/data/dna-binder/nmr/iodoamide-h">
      <PeakPickDetails>F1=7.881506ppm, F2=7.829134ppm, MI=4.47cm, MAXI=6.68cm, PC=1.000
      </PeakPickDetails>
    </PeakList1DHeader>
    <Peak1D F1="7.856488" intensity="5.263768" type="0"/>
    <Peak1D F1="7.836815" intensity="5.644056" type="0"/>
  </PeakList1D>
  <PeakList1D>
    <PeakList1DHeader creator="tfellowes" date="2021-06-03T11:47:00" expNo="1" name="tf-5-22-cp_PROTON_01.fid" owner="" procNo="1" source="D:/phd/data/dna-binder/nmr/iodoamide-h">
      <PeakPickDetails>F1=7.810090ppm, F2=7.746292ppm, MI=2.45cm, MAXI=4.15cm, PC=1.000
      </PeakPickDetails>
    </PeakList1DHeader>
    <Peak1D F1="7.788748" intensity="3.607411" type="0"/>
  </PeakList1D>
  <PeakList1D>
    <PeakList1DHeader creator="tfellowes" date="2021-06-03T11:47:00" expNo="1" name="tf-5-22-cp_PROTON_01.fid" owner="" procNo="1" source="D:/phd/data/dna-binder/nmr/iodoamide-h">
      <PeakPickDetails>F1=7.521568ppm, F2=7.452056ppm, MI=2.53cm, MAXI=3.99cm, PC=1.000
      </PeakPickDetails>
    </PeakList1DHeader>
    <Peak1D F1="7.480061" intensity="3.744502" type="0"/>
  </PeakList1D>
  <PeakList1D>
    <PeakList1DHeader creator="tfellowes" date="2021-06-03T11:47:00" expNo="1" name="tf-5-22-cp_PROTON_01.fid" owner="" procNo="1" source="D:/phd/data/dna-binder/nmr/iodoamide-h">
      <PeakPickDetails>F1=7.434916ppm, F2=7.354930ppm, MI=1.88cm, MAXI=6.36cm, PC=1.000
      </PeakPickDetails>
    </PeakList1DHeader>
    <Peak1D F1="7.423022" intensity="2.40932" type="0"/>
    <Peak1D F1="7.404398" intensity="5.639793" type="0"/>
    <Peak1D F1="7.385864" intensity="3.952835" type="0"/>
  </PeakList1D>
  <PeakList1D>
    <PeakList1DHeader creator="tfellowes" date="2021-06-03T11:47:00" expNo="1" name="tf-5-22-cp_PROTON_01.fid" owner="" procNo="1" source="D:/phd/data/dna-binder/nmr/iodoamide-h">
      <PeakPickDetails>F1=7.338742ppm, F2=7.277801ppm, MI=3.07cm, MAXI=6.49cm, PC=1.000
      </PeakPickDetails>
    </PeakList1DHeader>
    <Peak1D F1="7.327024" intensity="5.630859" type="0"/>
    <Peak1D F1="7.309056" intensity="3.759489" type="0"/>
  </PeakList1D>
  <PeakList1D>
    <PeakList1DHeader creator="tfellowes" date="2021-06-03T11:47:00" expNo="1" name="tf-5-22-cp_PROTON_01.fid" owner="" procNo="1" source="D:/phd/data/dna-binder/nmr/iodoamide-h">
      <PeakPickDetails>F1=7.175913ppm, F2=7.057838ppm, MI=1.40cm, MAXI=5.60cm, PC=1.000
      </PeakPickDetails>
    </PeakList1DHeader>
    <Peak1D F1="7.142775" intensity="2.702702" type="0"/>
    <Peak1D F1="7.123695" intensity="4.750217" type="0"/>
    <Peak1D F1="7.105103" intensity="2.425981" type="0"/>
  </PeakList1D>
</PeakList>
