<?xml version="1.0" encoding="UTF-8"?>
<PeakList modified="2021-04-28T14:16:04">
  <PeakList1D>
    <PeakList1DHeader creator="tfell" date="2021-04-28T14:16:04" expNo="1" name="tf-7-12-cp_PROTON_01.fid" owner="" procNo="1" source="C:\Users\tfell\phd\data\dna-binder\nmr\ebs-phenyl.thio">
      <PeakPickDetails>F1=8.090966ppm, F2=8.007270ppm, MI=0.38cm, MAXI=1.23cm, PC=1.000
      </PeakPickDetails>
    </PeakList1DHeader>
    <Peak1D F1="8.057057" intensity="0.4934095" type="0"/>
    <Peak1D F1="8.036565" intensity="0.5656012" type="0"/>
  </PeakList1D>
  <PeakList1D>
    <PeakList1DHeader creator="tfell" date="2021-04-28T14:16:04" expNo="1" name="tf-7-12-cp_PROTON_01.fid" owner="" procNo="1" source="C:\Users\tfell\phd\data\dna-binder\nmr\ebs-phenyl.thio">
      <PeakPickDetails>F1=7.970526ppm, F2=7.908264ppm, MI=0.29cm, MAXI=0.70cm, PC=1.000
      </PeakPickDetails>
    </PeakList1DHeader>
    <Peak1D F1="7.948557" intensity="0.4492006" type="0"/>
    <Peak1D F1="7.929186" intensity="0.4845013" type="0"/>
  </PeakList1D>
  <PeakList1D>
    <PeakList1DHeader creator="tfell" date="2021-04-28T14:16:04" expNo="1" name="tf-7-12-cp_PROTON_01.fid" owner="" procNo="1" source="C:\Users\tfell\phd\data\dna-binder\nmr\ebs-phenyl.thio">
      <PeakPickDetails>F1=7.808237ppm, F2=7.716375ppm, MI=0.19cm, MAXI=0.73cm, PC=1.000
      </PeakPickDetails>
    </PeakList1DHeader>
    <Peak1D F1="7.767267" intensity="0.2931518" type="0"/>
    <Peak1D F1="7.748922" intensity="0.5075551" type="0"/>
    <Peak1D F1="7.72882" intensity="0.2903382" type="0"/>
  </PeakList1D>
  <PeakList1D>
    <PeakList1DHeader creator="tfell" date="2021-04-28T14:16:04" expNo="1" name="tf-7-12-cp_PROTON_01.fid" owner="" procNo="1" source="C:\Users\tfell\phd\data\dna-binder\nmr\ebs-phenyl.thio">
      <PeakPickDetails>F1=7.716375ppm, F2=7.639824ppm, MI=0.71cm, MAXI=1.47cm, PC=1.000
      </PeakPickDetails>
    </PeakList1DHeader>
    <Peak1D F1="7.700448" intensity="0.7965034" type="0"/>
    <Peak1D F1="7.680123" intensity="0.9415153" type="0"/>
  </PeakList1D>
  <PeakList1D>
    <PeakList1DHeader creator="tfell" date="2021-04-28T14:16:04" expNo="1" name="tf-7-12-cp_PROTON_01.fid" owner="" procNo="1" source="C:\Users\tfell\phd\data\dna-binder\nmr\ebs-phenyl.thio">
      <PeakPickDetails>F1=7.569396ppm, F2=7.443852ppm, MI=0.20cm, MAXI=1.34cm, PC=1.000
      </PeakPickDetails>
    </PeakList1DHeader>
    <Peak1D F1="7.538156" intensity="0.534422" type="0"/>
    <Peak1D F1="7.518758" intensity="1.005971" type="0"/>
    <Peak1D F1="7.495612" intensity="0.7224578" type="0"/>
    <Peak1D F1="7.474635" intensity="0.3048109" type="0"/>
  </PeakList1D>
  <PeakList1D>
    <PeakList1DHeader creator="tfell" date="2021-04-28T14:16:04" expNo="1" name="tf-7-12-cp_PROTON_01.fid" owner="" procNo="1" source="C:\Users\tfell\phd\data\dna-binder\nmr\ebs-phenyl.thio">
      <PeakPickDetails>F1=7.414253ppm, F2=7.302998ppm, MI=0.14cm, MAXI=0.68cm, PC=1.000
      </PeakPickDetails>
    </PeakList1DHeader>
    <Peak1D F1="7.377771" intensity="0.2933852" type="0"/>
    <Peak1D F1="7.359242" intensity="0.4444993" type="0"/>
    <Peak1D F1="7.340837" intensity="0.2038002" type="0"/>
  </PeakList1D>
</PeakList>
