<?xml version="1.0" encoding="UTF-8"?>
<PeakList modified="2021-06-01T11:41:03">
  <PeakList1D>
    <PeakList1DHeader creator="tfellowes" date="2021-06-01T11:41:03" expNo="1" name="tf-5-54-27-oct-c1f1_PROTON_01.fid" owner="" procNo="1" source="D:/phd/data/dna-binder/nmr/ebs-benzyl">
      <PeakPickDetails>F1=8.014986ppm, F2=7.909173ppm, MI=0.26cm, MAXI=1.01cm, PC=1.000
      </PeakPickDetails>
    </PeakList1DHeader>
    <Peak1D F1="7.997451" intensity="0.5569766" type="0"/>
    <Peak1D F1="7.97736" intensity="0.6118341" type="0"/>
  </PeakList1D>
  <PeakList1D>
    <PeakList1DHeader creator="tfellowes" date="2021-06-01T11:41:03" expNo="1" name="tf-5-54-27-oct-c1f1_PROTON_01.fid" owner="" procNo="1" source="D:/phd/data/dna-binder/nmr/ebs-benzyl">
      <PeakPickDetails>F1=7.887500ppm, F2=7.772764ppm, MI=0.31cm, MAXI=0.88cm, PC=1.000
      </PeakPickDetails>
    </PeakList1DHeader>
    <Peak1D F1="7.841458" intensity="0.4996421" type="0"/>
    <Peak1D F1="7.822213" intensity="0.5492852" type="0"/>
  </PeakList1D>
  <PeakList1D>
    <PeakList1DHeader creator="tfellowes" date="2021-06-01T11:41:03" expNo="1" name="tf-5-54-27-oct-c1f1_PROTON_01.fid" owner="" procNo="1" source="D:/phd/data/dna-binder/nmr/ebs-benzyl">
      <PeakPickDetails>F1=7.631256ppm, F2=7.519069ppm, MI=0.22cm, MAXI=0.84cm, PC=1.000
      </PeakPickDetails>
    </PeakList1DHeader>
    <Peak1D F1="7.607664" intensity="0.2726003" type="0"/>
    <Peak1D F1="7.588441" intensity="0.5296181" type="0"/>
    <Peak1D F1="7.569854" intensity="0.3008307" type="0"/>
  </PeakList1D>
  <PeakList1D>
    <PeakList1DHeader creator="tfellowes" date="2021-06-01T11:41:03" expNo="1" name="tf-5-54-27-oct-c1f1_PROTON_01.fid" owner="" procNo="1" source="D:/phd/data/dna-binder/nmr/ebs-benzyl">
      <PeakPickDetails>F1=7.452776ppm, F2=7.382660ppm, MI=0.18cm, MAXI=1.00cm, PC=1.000
      </PeakPickDetails>
    </PeakList1DHeader>
    <Peak1D F1="7.43265" intensity="0.3841953" type="0"/>
    <Peak1D F1="7.413785" intensity="0.6231199" type="0"/>
    <Peak1D F1="7.395421" intensity="0.294881" type="0"/>
  </PeakList1D>
  <PeakList1D>
    <PeakList1DHeader creator="tfellowes" date="2021-06-01T11:41:03" expNo="1" name="tf-5-54-27-oct-c1f1_PROTON_01.fid" owner="" procNo="1" source="D:/phd/data/dna-binder/nmr/ebs-benzyl">
      <PeakPickDetails>F1=7.363537ppm, F2=7.178684ppm, MI=0.09cm, MAXI=1.97cm, PC=1.000
      </PeakPickDetails>
    </PeakList1DHeader>
    <Peak1D F1="7.352855" intensity="0.2284064" type="0"/>
    <Peak1D F1="7.334347" intensity="0.7482176" type="0"/>
    <Peak1D F1="7.316707" intensity="1.29723" type="0"/>
    <Peak1D F1="7.306337" intensity="1.543715" type="0"/>
    <Peak1D F1="7.288981" intensity="0.7696409" type="0"/>
    <Peak1D F1="7.268604" intensity="0.3987586" type="0"/>
    <Peak1D F1="7.26035" intensity="0.1251291" type="0"/>
    <Peak1D F1="7.251717" intensity="0.1317458" type="0"/>
  </PeakList1D>
  <PeakList1D>
    <PeakList1DHeader creator="tfellowes" date="2021-06-01T11:41:03" expNo="1" name="tf-5-54-27-oct-c1f1_PROTON_01.fid" owner="" procNo="1" source="D:/phd/data/dna-binder/nmr/ebs-benzyl">
      <PeakPickDetails>F1=5.034439ppm, F2=4.494116ppm, MI=1.85cm, MAXI=2.37cm, PC=1.000
      </PeakPickDetails>
    </PeakList1DHeader>
    <Peak1D F1="4.891903" intensity="2.311061" type="0"/>
  </PeakList1D>
</PeakList>
