<?xml version="1.0" encoding="UTF-8"?>
<PeakList modified="2021-04-28T14:43:53">
  <PeakList1D>
    <PeakList1DHeader creator="tfell" date="2021-04-28T14:43:53" expNo="1" name="tf-6-98-cp_PROTON_01.fid" owner="" procNo="1" source="C:/Users/tfell/phd/data/dna-binder/nmr/ebs-phenyl.thio">
      <PeakPickDetails>F1=6.658555ppm, F2=6.554534ppm, MI=1.26cm, MAXI=2.70cm, PC=1.000
      </PeakPickDetails>
    </PeakList1DHeader>
    <Peak1D F1="6.609339" intensity="2.238234" type="0"/>
    <Peak1D F1="6.603912" intensity="2.404875" type="0"/>
  </PeakList1D>
  <PeakList1D>
    <PeakList1DHeader creator="tfell" date="2021-04-28T14:43:53" expNo="1" name="tf-6-98-cp_PROTON_01.fid" owner="" procNo="1" source="C:/Users/tfell/phd/data/dna-binder/nmr/ebs-phenyl.thio">
      <PeakPickDetails>F1=6.500104ppm, F2=6.421484ppm, MI=0.44cm, MAXI=1.60cm, PC=1.000
      </PeakPickDetails>
    </PeakList1DHeader>
    <Peak1D F1="6.457406" intensity="0.70122" type="0"/>
    <Peak1D F1="6.452044" intensity="0.6314838" type="0"/>
    <Peak1D F1="6.436885" intensity="1.510187" type="0"/>
    <Peak1D F1="6.431507" intensity="1.487278" type="0"/>
  </PeakList1D>
  <PeakList1D>
    <PeakList1DHeader creator="tfell" date="2021-04-28T14:43:53" expNo="1" name="tf-6-98-cp_PROTON_01.fid" owner="" procNo="1" source="C:/Users/tfell/phd/data/dna-binder/nmr/ebs-phenyl.thio">
      <PeakPickDetails>F1=6.419065ppm, F2=6.310206ppm, MI=0.65cm, MAXI=4.05cm, PC=1.000
      </PeakPickDetails>
    </PeakList1DHeader>
    <Peak1D F1="6.4021" intensity="3.157885" type="0"/>
    <Peak1D F1="6.381595" intensity="1.453271" type="0"/>
  </PeakList1D>
  <PeakList1D>
    <PeakList1DHeader creator="tfell" date="2021-04-28T14:43:53" expNo="1" name="tf-6-98-cp_PROTON_01.fid" owner="" procNo="1" source="C:/Users/tfell/phd/data/dna-binder/nmr/ebs-phenyl.thio">
      <PeakPickDetails>F1=4.779910ppm, F2=4.392854ppm, MI=0.14cm, MAXI=3.14cm, PC=1.000
      </PeakPickDetails>
    </PeakList1DHeader>
    <Peak1D F1="4.622581" intensity="1.701745" type="0"/>
  </PeakList1D>
</PeakList>
