<?xml version="1.0" encoding="UTF-8"?>
<PeakList modified="2021-06-03T12:55:45">
  <PeakList1D>
    <PeakList1DHeader creator="tfellowes" date="2021-06-03T12:55:45" expNo="1" name="tf-7-63-cp-1h.fid" owner="" procNo="1" source="D:/phd/data/o-ch-bonding/nmr/acetone-oxime-dnb">
      <PeakPickDetails>F1=9.894935ppm, F2=7.630053ppm, MI=0.59cm, MAXI=3.48cm, PC=1.000
      </PeakPickDetails>
    </PeakList1DHeader>
    <Peak1D F1="8.887053" intensity="2.07568" type="0"/>
    <Peak1D F1="8.881748" intensity="2.155775" type="0"/>
    <Peak1D F1="8.428516" intensity="1.252741" type="0"/>
    <Peak1D F1="8.423113" intensity="1.251782" type="0"/>
    <Peak1D F1="8.409739" intensity="1.357689" type="0"/>
    <Peak1D F1="8.404336" intensity="1.344373" type="0"/>
    <Peak1D F1="7.965061" intensity="2.384186" type="0"/>
    <Peak1D F1="7.946262" intensity="2.19253" type="0"/>
  </PeakList1D>
  <PeakList1D>
    <PeakList1DHeader creator="tfellowes" date="2021-06-03T12:55:45" expNo="1" name="tf-7-63-cp-1h.fid" owner="" procNo="1" source="D:/phd/data/o-ch-bonding/nmr/acetone-oxime-dnb">
      <PeakPickDetails>F1=2.710433ppm, F2=0.297034ppm, MI=11.55cm, MAXI=16.00cm, PC=1.000
      </PeakPickDetails>
    </PeakList1DHeader>
    <Peak1D F1="2.209393" intensity="14.724" type="0"/>
    <Peak1D F1="2.115233" intensity="15.0" type="0"/>
  </PeakList1D>
</PeakList>
