<?xml version="1.0" encoding="UTF-8"?>
<PeakList modified="2021-01-28T15:34:15">
  <PeakList1D>
    <PeakList1DHeader creator="tfell" date="2021-01-28T15:34:15" expNo="1" name="tf-7-132-insol.fid" owner="" procNo="1" source="C:/Users/tfell/phd/data/structural-studies/nmr/4no2-ebs">
      <PeakPickDetails>F1=8.352514ppm, F2=8.246609ppm, MI=1.49cm, MAXI=2.30cm, PC=1.000
      </PeakPickDetails>
    </PeakList1DHeader>
    <Peak1D F1="8.31431" intensity="1.871677" type="0"/>
    <Peak1D F1="8.295992" intensity="2.172216" type="0"/>
  </PeakList1D>
  <PeakList1D>
    <PeakList1DHeader creator="tfell" date="2021-01-28T15:34:15" expNo="1" name="tf-7-132-insol.fid" owner="" procNo="1" source="C:/Users/tfell/phd/data/structural-studies/nmr/4no2-ebs">
      <PeakPickDetails>F1=8.234295ppm, F2=8.144810ppm, MI=0.56cm, MAXI=1.66cm, PC=1.000
      </PeakPickDetails>
    </PeakList1DHeader>
    <Peak1D F1="8.182897" intensity="0.8000507" type="0"/>
    <Peak1D F1="8.166732" intensity="0.8430254" type="0"/>
  </PeakList1D>
  <PeakList1D>
    <PeakList1DHeader creator="tfell" date="2021-01-28T15:34:15" expNo="1" name="tf-7-132-insol.fid" owner="" procNo="1" source="C:/Users/tfell/phd/data/structural-studies/nmr/4no2-ebs">
      <PeakPickDetails>F1=8.123465ppm, F2=7.977332ppm, MI=1.16cm, MAXI=2.35cm, PC=1.000
      </PeakPickDetails>
    </PeakList1DHeader>
    <Peak1D F1="8.055514" intensity="2.146331" type="0"/>
    <Peak1D F1="8.037192" intensity="1.898533" type="0"/>
  </PeakList1D>
  <PeakList1D>
    <PeakList1DHeader creator="tfell" date="2021-01-28T15:34:15" expNo="1" name="tf-7-132-insol.fid" owner="" procNo="1" source="C:/Users/tfell/phd/data/structural-studies/nmr/4no2-ebs">
      <PeakPickDetails>F1=7.974869ppm, F2=7.896877ppm, MI=0.59cm, MAXI=1.31cm, PC=1.000
      </PeakPickDetails>
    </PeakList1DHeader>
    <Peak1D F1="7.942887" intensity="0.7958577" type="0"/>
    <Peak1D F1="7.927443" intensity="0.821224" type="0"/>
  </PeakList1D>
  <PeakList1D>
    <PeakList1DHeader creator="tfell" date="2021-01-28T15:34:15" expNo="1" name="tf-7-132-insol.fid" owner="" procNo="1" source="C:/Users/tfell/phd/data/structural-studies/nmr/4no2-ebs">
      <PeakPickDetails>F1=7.748282ppm, F2=7.733350ppm, MI=0.28cm, MAXI=1.42cm, PC=1.000
      </PeakPickDetails>
    </PeakList1DHeader>
  </PeakList1D>
  <PeakList1D>
    <PeakList1DHeader creator="tfell" date="2021-01-28T15:34:15" expNo="1" name="tf-7-132-insol.fid" owner="" procNo="1" source="C:/Users/tfell/phd/data/structural-studies/nmr/4no2-ebs">
      <PeakPickDetails>F1=7.733350ppm, F2=7.733182ppm, MI=0.56cm, MAXI=1.42cm, PC=1.000
      </PeakPickDetails>
    </PeakList1DHeader>
  </PeakList1D>
  <PeakList1D>
    <PeakList1DHeader creator="tfell" date="2021-01-28T15:34:15" expNo="1" name="tf-7-132-insol.fid" owner="" procNo="1" source="C:/Users/tfell/phd/data/structural-studies/nmr/4no2-ebs">
      <PeakPickDetails>F1=7.733182ppm, F2=7.729825ppm, MI=0.11cm, MAXI=0.77cm, PC=1.000
      </PeakPickDetails>
    </PeakList1DHeader>
  </PeakList1D>
  <PeakList1D>
    <PeakList1DHeader creator="tfell" date="2021-01-28T15:34:15" expNo="1" name="tf-7-132-insol.fid" owner="" procNo="1" source="C:/Users/tfell/phd/data/structural-studies/nmr/4no2-ebs">
      <PeakPickDetails>F1=7.729825ppm, F2=7.729207ppm, MI=0.31cm, MAXI=0.40cm, PC=1.000
      </PeakPickDetails>
    </PeakList1DHeader>
  </PeakList1D>
  <PeakList1D>
    <PeakList1DHeader creator="tfell" date="2021-01-28T15:34:15" expNo="1" name="tf-7-132-insol.fid" owner="" procNo="1" source="C:/Users/tfell/phd/data/structural-studies/nmr/4no2-ebs">
      <PeakPickDetails>F1=7.729207ppm, F2=7.728131ppm, MI=0.12cm, MAXI=0.67cm, PC=1.000
      </PeakPickDetails>
    </PeakList1DHeader>
  </PeakList1D>
  <PeakList1D>
    <PeakList1DHeader creator="tfell" date="2021-01-28T15:34:15" expNo="1" name="tf-7-132-insol.fid" owner="" procNo="1" source="C:/Users/tfell/phd/data/structural-studies/nmr/4no2-ebs">
      <PeakPickDetails>F1=7.728131ppm, F2=7.726812ppm, MI=0.25cm, MAXI=0.53cm, PC=1.000
      </PeakPickDetails>
    </PeakList1DHeader>
  </PeakList1D>
  <PeakList1D>
    <PeakList1DHeader creator="tfell" date="2021-01-28T15:34:15" expNo="1" name="tf-7-132-insol.fid" owner="" procNo="1" source="C:/Users/tfell/phd/data/structural-studies/nmr/4no2-ebs">
      <PeakPickDetails>F1=7.726812ppm, F2=7.726658ppm, MI=0.12cm, MAXI=0.67cm, PC=1.000
      </PeakPickDetails>
    </PeakList1DHeader>
  </PeakList1D>
  <PeakList1D>
    <PeakList1DHeader creator="tfell" date="2021-01-28T15:34:15" expNo="1" name="tf-7-132-insol.fid" owner="" procNo="1" source="C:/Users/tfell/phd/data/structural-studies/nmr/4no2-ebs">
      <PeakPickDetails>F1=7.726658ppm, F2=7.726635ppm, MI=0.29cm, MAXI=0.42cm, PC=1.000
      </PeakPickDetails>
    </PeakList1DHeader>
  </PeakList1D>
  <PeakList1D>
    <PeakList1DHeader creator="tfell" date="2021-01-28T15:34:15" expNo="1" name="tf-7-132-insol.fid" owner="" procNo="1" source="C:/Users/tfell/phd/data/structural-studies/nmr/4no2-ebs">
      <PeakPickDetails>F1=7.726635ppm, F2=7.726531ppm, MI=0.31cm, MAXI=0.40cm, PC=1.000
      </PeakPickDetails>
    </PeakList1DHeader>
  </PeakList1D>
  <PeakList1D>
    <PeakList1DHeader creator="tfell" date="2021-01-28T15:34:15" expNo="1" name="tf-7-132-insol.fid" owner="" procNo="1" source="C:/Users/tfell/phd/data/structural-studies/nmr/4no2-ebs">
      <PeakPickDetails>F1=7.726466ppm, F2=7.720927ppm, MI=0.11cm, MAXI=0.77cm, PC=1.000
      </PeakPickDetails>
    </PeakList1DHeader>
    <Peak1D F1="7.725037" intensity="0.4213421" type="0"/>
  </PeakList1D>
  <PeakList1D>
    <PeakList1DHeader creator="tfell" date="2021-01-28T15:34:15" expNo="1" name="tf-7-132-insol.fid" owner="" procNo="1" source="C:/Users/tfell/phd/data/structural-studies/nmr/4no2-ebs">
      <PeakPickDetails>F1=7.720927ppm, F2=7.718912ppm, MI=0.56cm, MAXI=1.42cm, PC=1.000
      </PeakPickDetails>
    </PeakList1DHeader>
  </PeakList1D>
  <PeakList1D>
    <PeakList1DHeader creator="tfell" date="2021-01-28T15:34:15" expNo="1" name="tf-7-132-insol.fid" owner="" procNo="1" source="C:/Users/tfell/phd/data/structural-studies/nmr/4no2-ebs">
      <PeakPickDetails>F1=7.718912ppm, F2=7.701663ppm, MI=0.28cm, MAXI=1.42cm, PC=1.000
      </PeakPickDetails>
    </PeakList1DHeader>
    <Peak1D F1="7.710723" intensity="0.7775373" type="0"/>
  </PeakList1D>
  <PeakList1D>
    <PeakList1DHeader creator="tfell" date="2021-01-28T15:34:15" expNo="1" name="tf-7-132-insol.fid" owner="" procNo="1" source="C:/Users/tfell/phd/data/structural-studies/nmr/4no2-ebs">
      <PeakPickDetails>F1=7.701663ppm, F2=7.695459ppm, MI=0.26cm, MAXI=0.84cm, PC=1.000
      </PeakPickDetails>
    </PeakList1DHeader>
    <Peak1D F1="7.696951" intensity="0.4218917" type="0"/>
  </PeakList1D>
  <PeakList1D>
    <PeakList1DHeader creator="tfell" date="2021-01-28T15:34:15" expNo="1" name="tf-7-132-insol.fid" owner="" procNo="1" source="C:/Users/tfell/phd/data/structural-studies/nmr/4no2-ebs">
      <PeakPickDetails>F1=7.691582ppm, F2=7.688222ppm, MI=1.00cm, MAXI=1.42cm, PC=1.000
      </PeakPickDetails>
    </PeakList1DHeader>
  </PeakList1D>
  <PeakList1D>
    <PeakList1DHeader creator="tfell" date="2021-01-28T15:34:15" expNo="1" name="tf-7-132-insol.fid" owner="" procNo="1" source="C:/Users/tfell/phd/data/structural-studies/nmr/4no2-ebs">
      <PeakPickDetails>F1=7.688222ppm, F2=7.657155ppm, MI=0.28cm, MAXI=1.42cm, PC=1.000
      </PeakPickDetails>
    </PeakList1DHeader>
  </PeakList1D>
  <PeakList1D>
    <PeakList1DHeader creator="tfell" date="2021-01-28T15:34:15" expNo="1" name="tf-7-132-insol.fid" owner="" procNo="1" source="C:/Users/tfell/phd/data/structural-studies/nmr/4no2-ebs">
      <PeakPickDetails>F1=7.541399ppm, F2=7.451093ppm, MI=0.22cm, MAXI=1.22cm, PC=1.000
      </PeakPickDetails>
    </PeakList1DHeader>
    <Peak1D F1="7.509637" intensity="0.5454999" type="0"/>
    <Peak1D F1="7.495166" intensity="0.9146509" type="0"/>
    <Peak1D F1="7.479833" intensity="0.4405405" type="0"/>
  </PeakList1D>
  <PeakList1D>
    <PeakList1DHeader creator="tfell" date="2021-01-28T15:34:15" expNo="1" name="tf-7-132-insol.fid" owner="" procNo="1" source="C:/Users/tfell/phd/data/structural-studies/nmr/4no2-ebs">
      <PeakPickDetails>F1=7.014277ppm, F2=6.809924ppm, MI=30.28cm, MAXI=32.50cm, PC=1.000
      </PeakPickDetails>
    </PeakList1DHeader>
  </PeakList1D>
</PeakList>
