<?xml version="1.0" encoding="UTF-8"?>
<PeakList modified="2021-06-03T12:53:42">
  <PeakList1D>
    <PeakList1DHeader creator="tfellowes" date="2021-06-03T12:53:31" expNo="1" name="tf-cyclohexanone-oxime-13c.fid" owner="" procNo="1" source="D:/phd/data/o-ch-bonding/nmr/cyclohexanone-oxime-dnb">
      <PeakPickDetails>F1=165.102798ppm, F2=164.327194ppm, MI=2.61cm, MAXI=11.45cm, PC=1.000
      </PeakPickDetails>
    </PeakList1DHeader>
    <Peak1D F1="164.566101" intensity="5.233755" type="0"/>
  </PeakList1D>
  <PeakList1D>
    <PeakList1DHeader creator="tfellowes" date="2021-06-03T12:53:31" expNo="1" name="tf-cyclohexanone-oxime-13c.fid" owner="" procNo="1" source="D:/phd/data/o-ch-bonding/nmr/cyclohexanone-oxime-dnb">
      <PeakPickDetails>F1=154.534149ppm, F2=145.852036ppm, MI=2.55cm, MAXI=5.58cm, PC=1.000
      </PeakPickDetails>
    </PeakList1DHeader>
    <Peak1D F1="152.953964" intensity="4.356406" type="0"/>
  </PeakList1D>
  <PeakList1D>
    <PeakList1DHeader creator="tfellowes" date="2021-06-03T12:53:31" expNo="1" name="tf-cyclohexanone-oxime-13c.fid" owner="" procNo="1" source="D:/phd/data/o-ch-bonding/nmr/cyclohexanone-oxime-dnb">
      <PeakPickDetails>F1=137.283646ppm, F2=129.094406ppm, MI=1.00cm, MAXI=4.53cm, PC=1.000
      </PeakPickDetails>
    </PeakList1DHeader>
    <Peak1D F1="135.491791" intensity="2.762402" type="0"/>
    <Peak1D F1="130.999985" intensity="1.68369" type="0"/>
  </PeakList1D>
  <PeakList1D>
    <PeakList1DHeader creator="tfellowes" date="2021-06-03T12:53:31" expNo="1" name="tf-cyclohexanone-oxime-13c.fid" owner="" procNo="1" source="D:/phd/data/o-ch-bonding/nmr/cyclohexanone-oxime-dnb">
      <PeakPickDetails>F1=128.172119ppm, F2=104.477600ppm, MI=10.01cm, MAXI=24.13cm, PC=1.000
      </PeakPickDetails>
    </PeakList1DHeader>
    <Peak1D F1="124.555351" intensity="13.08163" type="0"/>
    <Peak1D F1="117.277802" intensity="11.8779" type="0"/>
    <Peak1D F1="112.373405" intensity="15.0" type="0"/>
  </PeakList1D>
  <PeakList1D>
    <PeakList1DHeader creator="tfellowes" date="2021-06-03T12:53:31" expNo="1" name="tf-cyclohexanone-oxime-13c.fid" owner="" procNo="1" source="D:/phd/data/o-ch-bonding/nmr/cyclohexanone-oxime-dnb">
      <PeakPickDetails>F1=28.229870ppm, F2=27.867367ppm, MI=8.50cm, MAXI=18.27cm, PC=1.000
      </PeakPickDetails>
    </PeakList1DHeader>
  </PeakList1D>
  <PeakList1D>
    <PeakList1DHeader creator="tfellowes" date="2021-06-03T12:53:31" expNo="1" name="tf-cyclohexanone-oxime-13c.fid" owner="" procNo="1" source="D:/phd/data/o-ch-bonding/nmr/cyclohexanone-oxime-dnb">
      <PeakPickDetails>F1=27.867367ppm, F2=25.375164ppm, MI=5.56cm, MAXI=11.70cm, PC=1.000
      </PeakPickDetails>
    </PeakList1DHeader>
    <Peak1D F1="26.958681" intensity="8.017178" type="0"/>
  </PeakList1D>
  <PeakList1D>
    <PeakList1DHeader creator="tfellowes" date="2021-06-03T12:53:31" expNo="1" name="tf-cyclohexanone-oxime-13c.fid" owner="" procNo="1" source="D:/phd/data/o-ch-bonding/nmr/cyclohexanone-oxime-dnb">
      <PeakPickDetails>F1=25.375164ppm, F2=22.293894ppm, MI=8.50cm, MAXI=18.27cm, PC=1.000
      </PeakPickDetails>
    </PeakList1DHeader>
    <Peak1D F1="22.41" intensity="11.64788" type="0"/>
  </PeakList1D>
  <PeakList1D>
    <PeakList1DHeader creator="tfellowes" date="2021-06-03T12:53:31" expNo="1" name="tf-cyclohexanone-oxime-13c.fid" owner="" procNo="1" source="D:/phd/data/o-ch-bonding/nmr/cyclohexanone-oxime-dnb">
      <PeakPickDetails>F1=20.776054ppm, F2=19.851940ppm, MI=9.86cm, MAXI=14.02cm, PC=1.000
      </PeakPickDetails>
    </PeakList1DHeader>
  </PeakList1D>
  <PeakList1D>
    <PeakList1DHeader creator="tfellowes" date="2021-06-03T12:53:31" expNo="1" name="tf-cyclohexanone-oxime-13c.fid" owner="" procNo="1" source="D:/phd/data/o-ch-bonding/nmr/cyclohexanone-oxime-dnb">
      <PeakPickDetails>F1=19.851940ppm, F2=19.257936ppm, MI=3.54cm, MAXI=7.24cm, PC=1.000
      </PeakPickDetails>
    </PeakList1DHeader>
  </PeakList1D>
</PeakList>
